index,d__Bacteria;p__Firmicutes_D;c__Bacilli;o__Mycoplasmatales,d__Bacteria;p__Firmicutes_A;c__Clostridia_258483;o__Oscillospirales,d__Archaea;p__Methanobacteriota_A_1229;c__Methanobacteria;o__Methanobacteriales,d__Bacteria;p__Proteobacteria;c__Gammaproteobacteria;o__Pseudomonadales_650611,d__Bacteria;p__Proteobacteria;c__Gammaproteobacteria;o__Pseudomonadales_660879,d__Bacteria;p__Verrucomicrobiota;c__Verrucomicrobiae;o__Verrucomicrobiales,d__Bacteria;p__Proteobacteria;c__Alphaproteobacteria;o__RF32,d__Bacteria;p__Proteobacteria;c__Alphaproteobacteria;o__Caulobacterales,d__Bacteria;p__Proteobacteria;c__Alphaproteobacteria;o__Rhizobiales_A_501396,d__Bacteria;p__Bacteroidota;c__Bacteroidia;o__Bacteroidales,d__Bacteria;p__Proteobacteria;c__Gammaproteobacteria;o__Enterobacterales_A_737866,d__Bacteria;p__Campylobacterota;c__Campylobacteria;o__Campylobacterales,d__Bacteria;p__Firmicutes_A;c__Clostridia_258483;o__TANB77,d__Bacteria;p__Actinobacteriota;c__Actinomycetia;o__Actinomycetales,d__Bacteria;p__Firmicutes_A;c__Clostridia_258483;o__Lachnospirales,d__Bacteria;p__Firmicutes_A;c__Clostridia_258483;o__Christensenellales,d__Bacteria;p__Actinobacteriota;c__Coriobacteriia;o__Coriobacteriales,d__Bacteria;p__Firmicutes_A;c__Clostridia_258483;o__Peptostreptococcales,d__Bacteria;p__Proteobacteria;c__Gammaproteobacteria;o__Burkholderiales_592524,d__Bacteria;p__Proteobacteria;c__Gammaproteobacteria;o__Burkholderiales_595422,d__Bacteria;p__Proteobacteria;c__Gammaproteobacteria;o__Burkholderiales_595427,d__Bacteria;p__Actinobacteriota;c__Actinomycetia;o__Mycobacteriales,d__Bacteria;p__Firmicutes_D;c__Bacilli;o__Staphylococcales,d__Bacteria;p__Firmicutes_C;c__Negativicutes;o__Acidaminococcales,d__Bacteria;p__Firmicutes_C;c__Negativicutes;o__Veillonellales,d__Bacteria;p__Firmicutes_D;c__Bacilli;o__Lactobacillales,d__Bacteria;p__Firmicutes_D;c__Bacilli;o__Erysipelotrichales,d__Bacteria;p__Firmicutes_A;c__Clostridia_258483;o__Clostridiales,d__Bacteria;p__Fusobacteriota;c__Fusobacteriia;o__Fusobacteriales_993521,d__Bacteria;p__Fusobacteriota;c__Fusobacteriia;o__Fusobacteriales_993777,Age,Age_group,Barcode,BarcodeSequence,Cohort,Country,DUPLICATE_code,Database,Date,Description,Dx,Enzyme,FFPE_fresh,Family,Gel amount,Gender,LinkerPrimerSequence,Organism,Reads_count,Source,Swab,Time,Time2,amount,box,pn_ID,position,reads_number,remark,remarks2,sample_ID
DB36.420,0.0,14.0,0.0,1494.0,0.0,3.0,0.0,1845.0,33.0,66.0,17.0,0.0,0.0,3.0,76782.0,3.0,0.0,0.0,3.0,59.0,0.0,12.0,2.0,0.0,2.0,0.0,0.0,0.0,5.0,0.0,,,P-420,CTTCGACTTTCC,BGI,,,DB36,,DB36.420,,Hikapa,,,3.0,,GGACTACHVGGGTWTCTAAT,isolates,,,,,,,,,FSH07FUAE01,,,FALSE,BGHM309
DB36.443,3.0,12.0,0.0,0.0,0.0,2.0,0.0,0.0,0.0,76.0,10789.0,0.0,0.0,4.0,6.0,4.0,0.0,2.0,0.0,0.0,0.0,0.0,0.0,0.0,2.0,21229.0,0.0,0.0,2.0,0.0,,,P-443,TCGACCAAACAC,BGI,,,DB36,,DB36.443,,Hikapa,,,3.0,,GGACTACHVGGGTWTCTAAT,isolates,,,,,,,,,FSH07FUAH03,,,FALSE,BGHM204
DB36.438,0.0,12.0,0.0,0.0,0.0,3.0,0.0,0.0,0.0,62.0,13.0,0.0,2.0,4.0,11.0,0.0,0.0,0.0,3.0,0.0,0.0,0.0,0.0,4.0,0.0,0.0,0.0,35358.0,2.0,0.0,,,P-438,TGAGTGGTCTGT,BGI,,,DB36,,DB36.438,,Hikapa,,,3.0,,GGACTACHVGGGTWTCTAAT,isolates,,,,,,,,,FSH07FUAC03,,,FALSE,BGHM1039
DB36.424,7.0,25.0,0.0,7.0,0.0,3.0,0.0,0.0,0.0,53.0,73.0,0.0,0.0,55728.0,9.0,5.0,0.0,0.0,5.0,0.0,2.0,0.0,3.0,0.0,2.0,2.0,0.0,0.0,3.0,0.0,,,P-424,CCTCTGAGAGCT,BGI,,,DB36,,DB36.424,,Hikapa,,,3.0,,GGACTACHVGGGTWTCTAAT,isolates,,,,,,,,,FSH07FUAA02,,,FALSE,BGHM633
DB36.448,2.0,3.0,0.0,0.0,0.0,0.0,0.0,0.0,0.0,38.0,18.0,0.0,0.0,68906.0,4.0,0.0,0.0,0.0,0.0,0.0,0.0,0.0,0.0,0.0,2.0,0.0,0.0,0.0,0.0,0.0,,,P-448,AGCAGGCACGAA,BGI,,,DB36,,DB36.448,,Hikapa,,,3.0,,GGACTACHVGGGTWTCTAAT,isolates,,,,,,,,,FSH07FUAE04,,,FALSE,BGHM1120
DB36.445,0.0,8.0,0.0,2.0,0.0,4.0,0.0,0.0,0.0,55.0,24.0,0.0,0.0,4.0,5.0,5.0,0.0,0.0,0.0,0.0,0.0,0.0,0.0,0.0,2.0,0.0,0.0,0.0,66464.0,0.0,,,P-445,ATATCGCGATGA,BGI,,,DB36,,DB36.445,,Hikapa,,,3.0,,GGACTACHVGGGTWTCTAAT,isolates,,,,,,,,,FSH07FUAB04,,,FALSE,BGHM997
DB36.429,0.0,2.0,0.0,61480.0,0.0,6.0,0.0,0.0,0.0,55.0,14.0,0.0,0.0,6.0,2.0,4.0,0.0,0.0,17.0,0.0,4.0,0.0,0.0,0.0,0.0,0.0,0.0,0.0,0.0,0.0,,,P-429,AGCGCTCACATC,BGI,,,DB36,,DB36.429,,Hikapa,,,3.0,,GGACTACHVGGGTWTCTAAT,isolates,,,,,,,,,FSH07FUAF02,,,FALSE,BGNR50573
DB36.425,0.0,19.0,2.0,17.0,0.0,4.0,0.0,0.0,0.0,63.0,10.0,0.0,0.0,6.0,45729.0,0.0,0.0,0.0,2.0,5.0,0.0,0.0,0.0,0.0,4.0,0.0,0.0,0.0,0.0,0.0,,,P-425,CCTCGATGCAGT,BGI,,,DB36,,DB36.425,,Hikapa,,,3.0,,GGACTACHVGGGTWTCTAAT,isolates,,,,,,,,,FSH07FUAB02,,,FALSE,BGHM05
DB36.426,0.0,10.0,0.0,0.0,0.0,6.0,0.0,0.0,0.0,100550.0,8.0,0.0,0.0,4.0,3.0,0.0,0.0,0.0,0.0,0.0,0.0,0.0,2.0,0.0,0.0,0.0,0.0,0.0,0.0,0.0,,,P-426,GCGGACTATTCA,BGI,,,DB36,,DB36.426,,Hikapa,,,3.0,,GGACTACHVGGGTWTCTAAT,isolates,,,,,,,,,FSH07FUAC02,,,FALSE,BGHM1194
DB36.435,0.0,0.0,0.0,0.0,0.0,0.0,0.0,0.0,0.0,13.0,5.0,0.0,0.0,0.0,0.0,0.0,0.0,0.0,0.0,0.0,0.0,0.0,0.0,0.0,0.0,0.0,0.0,0.0,0.0,6594.0,,,P-435,TGCTACAGACGT,BGI,,,DB36,,DB36.435,,Hikapa,,,5.0,,GGACTACHVGGGTWTCTAAT,isolates,,,,,,,,,FSH07FUAH02,,,FALSE,BGHM12
DB36.440,3.0,4.0,0.0,6.0,0.0,0.0,0.0,0.0,0.0,44.0,8.0,4.0,0.0,42499.0,2.0,0.0,0.0,0.0,2.0,0.0,0.0,0.0,0.0,0.0,4.0,0.0,2.0,0.0,0.0,0.0,,,P-440,TAGCGCGAACTT,BGI,,,DB36,,DB36.440,,Hikapa,,,3.0,,GGACTACHVGGGTWTCTAAT,isolates,,,,,,,,,FSH07FUAE03,,,FALSE,BGM4
DB36.444,2.0,12.0,0.0,0.0,0.0,5.0,0.0,0.0,0.0,90.0,69992.0,2.0,0.0,4.0,5.0,4.0,0.0,0.0,3.0,0.0,0.0,0.0,70.0,2.0,3.0,4.0,0.0,4.0,6.0,0.0,,,P-444,CCACCCAGTAAC,BGI,,,DB36,,DB36.444,,Hikapa,,,3.0,,GGACTACHVGGGTWTCTAAT,isolates,,,,,,,,,FSH07FUAA04,,,FALSE,BGM2
DB36.423,0.0,4.0,0.0,4.0,0.0,0.0,0.0,0.0,0.0,47.0,12.0,0.0,0.0,4.0,2.0,0.0,0.0,0.0,49647.0,0.0,0.0,0.0,0.0,0.0,0.0,0.0,0.0,0.0,0.0,0.0,,,P-423,CGTAGAGCTCTC,BGI,,,DB36,,DB36.423,,Hikapa,,,3.0,,GGACTACHVGGGTWTCTAAT,isolates,,,,,,,,,FSH07FUAH01,,,FALSE,BGNR708
DB36.437,0.0,12.0,0.0,10.0,0.0,8.0,0.0,0.0,0.0,65288.0,22.0,0.0,0.0,10.0,4.0,2.0,0.0,0.0,5.0,0.0,0.0,0.0,0.0,0.0,6.0,3.0,0.0,3.0,3.0,0.0,,,P-437,ACGCACATACAA,BGI,,,DB36,,DB36.437,,Hikapa,,,3.0,,GGACTACHVGGGTWTCTAAT,isolates,,,,,,,,,FSH07FUAB03,,,FALSE,BGHM93
DB36.422,0.0,19.0,0.0,3.0,0.0,8.0,0.0,0.0,0.0,93.0,176742.0,4.0,0.0,0.0,16.0,4.0,0.0,0.0,3.0,0.0,0.0,0.0,0.0,2.0,8.0,3.0,0.0,0.0,4.0,0.0,,,P-422,GTCCGCAAGTTA,BGI,,,DB36,,DB36.422,,Hikapa,,,3.0,,GGACTACHVGGGTWTCTAAT,isolates,,,,,,,,,FSH07FUAG03,,,FALSE,BGNR50391
DB36.419,0.0,19.0,0.0,2.0,0.0,6.0,0.0,0.0,0.0,68.0,18.0,0.0,0.0,6.0,10.0,4.0,0.0,0.0,0.0,0.0,0.0,0.0,92642.0,0.0,0.0,0.0,0.0,0.0,2.0,0.0,,,P-419,CTGAGCTCTGCA,BGI,,,DB36,,DB36.419,,Hikapa,,,3.0,,GGACTACHVGGGTWTCTAAT,isolates,,,,,,,,,FSH07FUAD01,,,FALSE,BGHM94
DB36.417,0.0,0.0,0.0,4.0,0.0,0.0,0.0,0.0,0.0,40.0,2.0,0.0,0.0,2.0,10765.0,0.0,0.0,0.0,2.0,0.0,2.0,0.0,0.0,0.0,0.0,0.0,0.0,0.0,0.0,2.0,,,P-417,CAAGCCCTAGTA,BGI,,,DB36,,DB36.417,,Hikapa,,,3.0,,GGACTACHVGGGTWTCTAAT,isolates,,,,,,,,,FSH07FUAB01,,,FALSE,BGHM1057
DB36.418,15.0,0.0,0.0,174.0,3.0,0.0,0.0,0.0,0.0,22.0,3241.0,0.0,0.0,0.0,0.0,0.0,0.0,0.0,2.0,0.0,0.0,0.0,0.0,0.0,0.0,0.0,0.0,0.0,0.0,0.0,,,P-418,TAGTGTCGGATC,BGI,,,DB36,,DB36.418,,Hikapa,,,10.0,,GGACTACHVGGGTWTCTAAT,isolates,,,,,,,,,FSH07FUAC01,,,FALSE,BGM6
DB36.421,2.0,91207.0,0.0,11406.0,0.0,2.0,0.0,0.0,0.0,52.0,11.0,0.0,0.0,5.0,6.0,0.0,0.0,0.0,30.0,73.0,0.0,46.0,0.0,0.0,3.0,0.0,0.0,0.0,2.0,0.0,,,P-421,GTCATAAGAACC,BGI,,,DB36,,DB36.421,,Hikapa,,,3.0,,GGACTACHVGGGTWTCTAAT,isolates,,,,,,,,,FSH07FUAF03,,,FALSE,BGHM303
DB36.449,0.0,8.0,0.0,0.0,0.0,2.0,0.0,0.0,0.0,259.0,6.0,59908.0,0.0,2.0,4.0,0.0,0.0,2.0,7.0,0.0,0.0,0.0,4.0,0.0,2.0,0.0,0.0,0.0,2.0,0.0,,,P-449,TACGCAGCACTA,BGI,,,DB36,,DB36.449,,Hikapa,,,3.0,,GGACTACHVGGGTWTCTAAT,isolates,,,,,,,,,FSH07FUAF04,,,FALSE,BGHM296
DB36.436,6.0,4.0,0.0,5.0,0.0,0.0,0.0,0.0,0.0,38.0,10.0,2.0,0.0,2.0,4.0,2.0,0.0,0.0,54435.0,0.0,0.0,0.0,0.0,0.0,0.0,0.0,0.0,0.0,0.0,0.0,,,P-436,ATGGCCTGACTA,BGI,,,DB36,,DB36.436,,Hikapa,,,3.0,,GGACTACHVGGGTWTCTAAT,isolates,,,,,,,,,FSH07FUAA03,,,FALSE,BGNR703
DB36.439,8.0,4.0,3.0,6.0,0.0,0.0,0.0,0.0,0.0,30.0,10.0,0.0,0.0,8275.0,6.0,0.0,0.0,0.0,24.0,0.0,0.0,0.0,0.0,2.0,2.0,0.0,2.0,0.0,0.0,0.0,,,P-439,GATAGCACTCGT,BGI,,,DB36,,DB36.439,,Hikapa,,,3.0,,GGACTACHVGGGTWTCTAAT,isolates,,,,,,,,,FSH07FUAD03,,,FALSE,BGHM114
DB36.416,2.0,18.0,0.0,5.0,0.0,3.0,0.0,0.0,0.0,266.0,20.0,6.0,3.0,5.0,17280.0,6.0,0.0,0.0,2.0,0.0,0.0,0.0,442.0,2.0,0.0,0.0,0.0,0.0,5.0,0.0,,,P-416,TACAGTTACGCG,BGI,,,DB36,,DB36.416,,Hikapa,,,3.0,,GGACTACHVGGGTWTCTAAT,isolates,,,,,,,,,FSH07FUAA01,,,FALSE,BGHM780
DB36.447,0.0,4.0,2.0,0.0,0.0,3.0,0.0,0.0,0.0,41.0,61006.0,0.0,0.0,2.0,7.0,0.0,0.0,0.0,0.0,0.0,0.0,0.0,2.0,0.0,0.0,0.0,0.0,0.0,0.0,0.0,,,P-447,CCGATGCCTTGA,BGI,,,DB36,,DB36.447,,Hikapa,,,3.0,,GGACTACHVGGGTWTCTAAT,isolates,,,,,,,,,FSH07FUAD04,,,FALSE,BGML
DB36.446,2.0,13.0,0.0,0.0,0.0,3.0,0.0,0.0,0.0,48.0,10.0,0.0,0.0,4.0,4.0,0.0,0.0,0.0,0.0,0.0,0.0,0.0,0.0,0.0,2.0,0.0,0.0,0.0,60867.0,0.0,,,P-446,CGCCGGTAATCT,BGI,,,DB36,,DB36.446,,Hikapa,,,3.0,,GGACTACHVGGGTWTCTAAT,isolates,,,,,,,,,FSH07FUAC04,,,FALSE,BGHM1274
DB36.428,10.0,7.0,0.0,7.0,0.0,3.0,0.0,3.0,0.0,27.0,9.0,0.0,0.0,3.0,0.0,2.0,0.0,0.0,0.0,0.0,0.0,0.0,0.0,6.0,4.0,0.0,0.0,0.0,32014.0,0.0,,,P-428,CGGCCTAAGTTC,BGI,,,DB36,,DB36.428,,Hikapa,,,5.0,,GGACTACHVGGGTWTCTAAT,isolates,,,,,,,,,FSH07FUAE02,,,FALSE,BGHM42
DB36.434,3.0,6.0,0.0,0.0,0.0,8.0,2.0,0.0,0.0,93.0,0.0,0.0,0.0,3474.0,17.0,0.0,2.0,2.0,2.0,0.0,4.0,0.0,0.0,0.0,14.0,0.0,0.0,0.0,0.0,0.0,,,P-434,TTGCACCGTCGA,BGI,,,DB36,,DB36.434,,Hikapa,,,3.0,,GGACTACHVGGGTWTCTAAT,isolates,,,,,,,,,FSH07FUAG02,,,FALSE,BGHM818
